Name, Value
name,Angle Support:2
Category,Category Angle Support:1
PartNumber,Angle Support PN
Description,Angle Support:1
Operation,INSERT
name,Angle Support:2
Category,Category Angle Support:1
PartNumber,Angle Support PN
Description,Angle Support:1
Operation,INSERT
name,Handle:1
Category,
PartNumber,Handle
Description,
Operation,INSERT
name,1204121018:1
Category,
PartNumber,1204121018
Description,
Operation,INSERT
name,1204120954:1
Category,
PartNumber,1204120954
Description,
Operation,INSERT
name,1204120954:1
Category,
PartNumber,1204120954
Description,
Operation,INSERT
name,1204111013:1
Category,
PartNumber,1204111013
Description,
Operation,INSERT
name,1204111013:1
Category,
PartNumber,1204111013
Description,
Operation,INSERT
name,Angle Support:1
Category,Category Angle Support:1
PartNumber,Angle Support PN
Description,Angle Support:1
Operation,INSERT
name,Angle Support:1
Category,Category Angle Support:1
PartNumber,Angle Support PN
Description,Angle Support:1
Operation,INSERT
name,Fitting:1
Category,
PartNumber,1204111013
Description,
Operation,INSERT
name,Fitting:1
Category,
PartNumber,1204111013
Description,
Operation,INSERT
name,Valve:1
Category,
PartNumber,Valve
Description,
Operation,INSERT
name,Valve:1
Category,
PartNumber,Valve
Description,
Operation,INSERT
name,1204111001:1
Category,
PartNumber,1204111001
Description,
Operation,INSERT
name,1204111001:1
Category,
PartNumber,1204111001
Description,
Operation,INSERT
name,Nozzle:1
Category,
PartNumber,1209080702
Description,
Operation,INSERT
name,Nozzle:1
Category,
PartNumber,1209080702
Description,
Operation,INSERT
name,Pot:1
Category,
PartNumber,Pot
Description,
Operation,INSERT
name,Pot:1
Category,
PartNumber,Pot
Description,
Operation,INSERT
name,Kettle Lid:1
Category,Kettle Lid
PartNumber,Kettle Lid
Description,Kettle Lid
Operation,INSERT
name,Kettle Lid:1
Category,Kettle Lid
PartNumber,Kettle Lid
Description,Kettle Lid
Operation,INSERT
name,burner
Category,
PartNumber,Small Burner
Description,
Operation,INSERT
name,Kettle:1
Category,Kettle Demo
PartNumber,Kettle
Description,Kettle
Operation,INSERT
name,Kettle:1
Category,Kettle Demo
PartNumber,Kettle
Description,Kettle
Operation,INSERT
name,Handle:1
Category,
PartNumber,Handle
Description,
Operation,INSERT
name,1204121018:1
Category,
PartNumber,1204121018
Description,
Operation,INSERT
name,burner
Category,
PartNumber,Small Burner
Description,
Operation,INSERT
